State,SA3 code 2016,SA3_name_2016,EstResidentPop_30_June_2016,Remoteness,SES_quintile,Prescriptions,Crude_rate_per_100000,Agesex_standardised_rate_per_100000,Decile_agesex_standardised_rate
Vic,21305,Wyndham,233138,Major Cities,Quintile 3,108424,46506,60091,6
NSW,11703,Sydney Inner City,230326,Major Cities,Quintile 5,68819,29879,38165,9
Vic,20904,Whittlesea - Wallan,224581,Major Cities,Quintile 1,119005,52990,56842,7
WA,50502,Stirling,201306,Major Cities,Quintile 5,108846,54070,48528,8
Vic,21204,Dandenong,197453,Major Cities,Quintile 1,103485,52410,49492,8
Vic,21301,Brimbank,196858,Major Cities,Quintile 1,102656,52147,52070,7
WA,50503,Wanneroo,194987,Major Cities,Quintile 4,97974,50247,57294,6
NSW,12702,Fairfield,193076,Major Cities,Quintile 1,79823,41343,39953,9
Vic,20302,Geelong,192393,Major Cities,Quintile 1,167154,86881,76856,3
Qld,31802,Townsville,192113,Outer Regional,Quintile 2,145619,75798,79645,2
Vic,21205,Monash,184848,Major Cities,Quintile 4,74076,40074,33617,10
NSW,11901,Bankstown,178409,Major Cities,Quintile 1,85200,47756,46042,8
Vic,20701,Boroondara,177361,Major Cities,Quintile 5,64896,36590,30927,10
Vic,21203,Casey - South,176002,Major Cities,Quintile 2,101284,57547,69397,4
NSW,10201,Gosford,173257,Major Cities,Quintile 4,134662,77724,61924,6
SA,40304,Onkaparinga,170376,Major Cities,Quintile 2,158348,92941,83660,2
NSW,11103,Newcastle,169571,Major Cities,Quintile 2,102976,60728,53722,7
Vic,21005,Tullamarine - Broadmeadows,169296,Major Cities,Quintile 1,94870,56038,64416,5
NSW,12302,Campbelltown (NSW),162845,Major Cities,Quintile 2,100601,61777,65879,5
NSW,10202,Wyong,162052,Major Cities,Quintile 2,155201,95772,80354,2
WA,50501,Joondalup,161288,Major Cities,Quintile 5,84549,52421,50561,7
Vic,21402,Mornington Peninsula,160862,Major Cities,Quintile 5,135314,84118,67186,5
Vic,21101,Knox,160712,Major Cities,Quintile 4,96299,59920,54400,7
Vic,21304,Melton - Bacchus Marsh,160293,Major Cities,Quintile 3,97952,61108,71913,4
NSW,12003,Strathfield - Burwood - Ashfield,159133,Major Cities,Quintile 3,46057,28942,27356,10
NSW,12203,Warringah,157846,Major Cities,Quintile 5,59881,37936,32017,10
NSW,12503,Merrylands - Guildford,157512,Major Cities,Quintile 1,67695,42977,44282,8
Vic,20802,Glen Eira,157014,Major Cities,Quintile 4,66746,42510,37523,9
Vic,21105,Yarra Ranges,154495,Major Cities,Quintile 4,102757,66512,62546,6
Qld,31701,Toowoomba,153201,Inner Regional,Quintile 2,128388,83804,76835,3
NSW,11802,Eastern Suburbs - South,149266,Major Cities,Quintile 5,55028,36866,35506,9
NSW,11501,Baulkham Hills,148761,Major Cities,Quintile 5,51201,34418,31812,10
Vic,20604,Melbourne City,148041,Major Cities,Quintile 5,32495,21950,34400,10
NSW,12504,Parramatta,146708,Major Cities,Quintile 3,48780,33250,35023,10
NSW,11904,Kogarah - Rockdale,145493,Major Cities,Quintile 3,59178,40674,37111,9
NSW,12403,Penrith,143452,Major Cities,Quintile 3,85097,59321,62979,5
NSW,11902,Canterbury,141819,Major Cities,Quintile 1,54018,38089,37445,9
NSW,12602,Ryde - Hunters Hill,140873,Major Cities,Quintile 5,47124,33451,28727,10
SA,40204,Salisbury,139529,Major Cities,Quintile 1,113963,81677,80833,2
Vic,21401,Frankston,139511,Major Cities,Quintile 2,117128,83956,77664,3
NSW,11601,Blacktown,139391,Major Cities,Quintile 2,65105,46707,48087,8
Vic,21202,Casey - North,137519,Major Cities,Quintile 3,82302,59847,60198,6
NSW,11801,Eastern Suburbs - North,136152,Major Cities,Quintile 5,46544,34185,30813,10
NSW,10704,Wollongong,133292,Major Cities,Quintile 2,86597,64968,56992,6
WA,50403,Swan,133029,Major Cities,Quintile 3,72417,54437,61551,6
NSW,11903,Hurstville,132733,Major Cities,Quintile 3,51414,38735,33616,10
WA,50705,Rockingham,129308,Major Cities,Quintile 3,87024,67300,70138,4
Vic,20901,Banyule,127693,Major Cities,Quintile 5,72971,57146,48807,8
Qld,30907,Ormeau - Oxenford,125111,Major Cities,Quintile 4,77730,62129,69950,4
NSW,11101,Lake Macquarie - East,123536,Major Cities,Quintile 4,85916,69548,57786,6
NSW,12103,Ku-ring-gai,123474,Major Cities,Quintile 5,38689,31334,24259,10
Vic,20803,Kingston,122522,Major Cities,Quintile 4,70969,57923,49424,8
NSW,12703,Liverpool,122238,Major Cities,Quintile 1,52912,43286,46423,8
WA,50604,Gosnells,122128,Major Cities,Quintile 2,74038,60623,64493,5
Qld,30803,Rockhampton,118644,Inner Regional,Quintile 1,93255,78600,73481,4
NSW,12101,Chatswood - Lane Cove,117824,Major Cities,Quintile 5,33288,28252,26286,10
Qld,31202,Mackay,117703,Inner Regional,Quintile 2,71505,60750,59814,6
NSW,11603,Mount Druitt,115220,Major Cities,Quintile 1,61337,53234,60894,6
Vic,21103,Maroondah,114524,Major Cities,Quintile 5,71983,62854,55590,7
NSW,12801,Cronulla - Miranda - Caringbah,114106,Major Cities,Quintile 5,56760,49744,40239,9
SA,40401,Charles Sturt,111505,Major Cities,Quintile 2,77026,69078,55992,7
NSW,12802,Sutherland - Menai - Heathcote,111321,Major Cities,Quintile 5,52256,46941,42747,8
Vic,20605,Port Phillip,108569,Major Cities,Quintile 5,44035,40559,40967,9
WA,50302,Perth City,107607,Major Cities,Quintile 5,47437,44083,43302,8
Qld,31003,Ipswich Inner,107320,Major Cities,Quintile 1,98540,91819,92173,1
Vic,20703,Whitehorse - West,107256,Major Cities,Quintile 4,45918,42811,35139,9
NSW,12701,Bringelly - Green Valley,106378,Major Cities,Quintile 1,44311,41655,48452,8
WA,50701,Cockburn,106216,Major Cities,Quintile 4,55781,52516,54396,7
Vic,20101,Ballarat,105564,Inner Regional,Quintile 1,99921,94655,87393,1
WA,50704,Melville,105106,Major Cities,Quintile 5,53245,50658,40684,9
WA,50102,Bunbury,104838,Inner Regional,Quintile 2,80806,77077,72431,4
Qld,30602,Cairns - South,104395,Outer Regional,Quintile 1,74903,71750,71526,4
Vic,20801,Bayside,102737,Major Cities,Quintile 5,46417,45180,35481,9
NSW,11401,Shoalhaven,101617,Inner Regional,Quintile 2,107819,106103,82166,2
NSW,12104,North Sydney - Mosman,100152,Major Cities,Quintile 5,29081,29037,25346,10
Vic,20902,Darebin - North,99751,Major Cities,Quintile 2,55722,55861,50816,7
WA,50201,Mandurah,99405,Major Cities,Quintile 3,92046,92596,76170,3
ACT,80101,Belconnen,97830,Major Cities,Quintile 5,48508,49584,50561,7
Vic,21201,Cardinia,97790,Major Cities,Quintile 4,68621,70172,75372,3
WA,50603,Canning,97172,Major Cities,Quintile 4,49659,51105,48219,8
NSW,11602,Blacktown - North,95745,Major Cities,Quintile 5,30503,31859,43639,8
NSW,11303,Wagga Wagga,95644,Inner Regional,Quintile 1,82665,86430,77021,3
Vic,20702,Manningham - West,95593,Major Cities,Quintile 4,40262,42118,31481,10
Vic,20201,Bendigo,95587,Inner Regional,Quintile 2,82077,85867,78717,3
SA,40205,Tea Tree Gully,95290,Major Cities,Quintile 4,65414,68648,59737,6
Vic,20607,Yarra,94234,Major Cities,Quintile 5,34377,36481,39830,9
NSW,12501,Auburn,94077,Major Cities,Quintile 1,25319,26913,31369,10
NSW,11203,Tweed Valley,93458,Major Cities,Quintile 2,85478,91461,68771,4
NSW,10703,Kiama - Shellharbour,92470,Major Cities,Quintile 4,78400,84785,74079,4
SA,40302,Marion,92098,Major Cities,Quintile 4,66446,72147,59933,6
Vic,20601,Brunswick - Coburg,91653,Major Cities,Quintile 4,38766,42297,42663,8
SA,40202,Playford,91465,Major Cities,Quintile 1,96446,105446,111262,1
Qld,30503,Brisbane Inner - North,90782,Major Cities,Quintile 5,34118,37582,40385,9
NSW,10601,Lower Hunter,89621,Inner Regional,Quintile 1,77038,85960,80683,2
NSW,12001,Canada Bay,89595,Major Cities,Quintile 5,28521,31833,28414,10
Qld,31901,Bundaberg,89276,Inner Regional,Quintile 1,87556,98074,80957,2
Qld,31401,The Hills District,89224,Major Cities,Quintile 5,45938,51486,57357,6
Vic,21302,Hobsons Bay,88342,Major Cities,Quintile 2,50713,57405,51357,7
NSW,10402,Coffs Harbour,87943,Inner Regional,Quintile 2,80468,91500,74793,3
Vic,21303,Maribyrnong,87355,Major Cities,Quintile 4,38684,44283,48657,8
Qld,31004,Springfield - Redbank,87095,Major Cities,Quintile 1,46369,53240,71080,4
ACT,80107,Tuggeranong,85968,Major Cities,Quintile 5,52301,60838,62721,6
Qld,30102,Cleveland - Stradbroke,85516,Major Cities,Quintile 5,65794,76938,66129,5
WA,50401,Bayswater - Bassendean,83741,Major Cities,Quintile 3,48322,57704,51812,7
NSW,12102,Hornsby,83456,Major Cities,Quintile 5,30801,36907,34798,10
Tas,60201,Launceston,83040,Inner Regional,Quintile 1,61267,73781,63326,5
Qld,31602,Caloundra,82926,Major Cities,Quintile 3,72401,87308,70448,4
Qld,31103,Browns Plains,82568,Major Cities,Quintile 1,58027,70278,79784,2
NSW,11004,Tamworth - Gunnedah,82379,Inner Regional,Quintile 1,54451,66098,56791,7
WA,50601,Armadale,82280,Major Cities,Quintile 1,56674,68880,75248,3
NSW,11201,Richmond Valley - Coastal,80412,Inner Regional,Quintile 2,64687,80445,63504,5
Qld,31106,Springwood - Kingston,80066,Major Cities,Quintile 1,60122,75091,80889,2
NSW,10804,Port Macquarie,79929,Inner Regional,Quintile 2,79173,99054,72376,4
Vic,21003,Moreland - North,79587,Major Cities,Quintile 2,48054,60379,54610,7
NSW,12401,Blue Mountains,78496,Major Cities,Quintile 4,52624,67040,56288,7
NSW,10701,Dapto - Port Kembla,77934,Major Cities,Quintile 1,68285,87619,75293,3
NSW,11102,Lake Macquarie - West,77075,Major Cities,Quintile 2,65689,85227,69685,4
NSW,10602,Maitland,76134,Major Cities,Quintile 1,48023,63077,61584,6
Qld,31001,Forest Lake - Oxley,75209,Major Cities,Quintile 1,45370,60325,64608,5
Qld,30302,Holland Park - Yeronga,74852,Major Cities,Quintile 5,33506,44763,46508,8
Qld,30303,Mt Gravatt,74384,Major Cities,Quintile 4,33927,45611,44398,8
Qld,30101,Capalaba,74184,Major Cities,Quintile 3,51883,69938,66393,5
Vic,20504,Latrobe Valley,74170,Inner Regional,Quintile 1,91420,123257,109433,1
Qld,31402,North Lakes,73908,Major Cities,Quintile 4,40043,54180,62068,6
WA,50602,Belmont - Victoria Park,73886,Major Cities,Quintile 3,40010,54151,54869,7
Vic,20303,Surf Coast - Bellarine Peninsula,73696,Inner Regional,Quintile 4,51209,69487,57864,6
NSW,10603,Port Stephens,73036,Inner Regional,Quintile 2,62572,85672,67754,5
SA,40102,Adelaide Hills,72967,Inner Regional,Quintile 4,47343,64883,59438,6
ACT,80104,Gungahlin,72408,Major Cities,Quintile 5,20408,28185,47122,8
Qld,30501,Brisbane Inner,72244,Major Cities,Quintile 3,26751,37029,41319,9
NSW,10104,South Coast,72073,Outer Regional,Quintile 2,81380,112913,85368,2
Qld,30202,Chermside,71772,Major Cities,Quintile 4,42584,59332,52750,7
SA,40703,Murray and Mallee,71368,Outer Regional,Quintile 1,74357,104188,86075,1
NSW,11202,Richmond Valley - Hinterland,71294,Inner Regional,Quintile 1,55815,78288,65579,5
WA,50301,Cottesloe - Claremont,71252,Major Cities,Quintile 5,26513,37211,30591,10
NSW,10503,Dubbo,71138,Inner Regional,Quintile 1,68961,96940,86394,1
Qld,30103,Wynnum - Manly,71046,Major Cities,Quintile 3,45474,64007,60679,6
Vic,20403,Wodonga - Alpine,70925,Inner Regional,Quintile 1,62818,88570,79257,2
Vic,20603,Essendon,70367,Major Cities,Quintile 5,29320,41668,40113,9
SA,40203,Port Adelaide - East,69599,Major Cities,Quintile 2,47694,68527,65452,5
Qld,31302,Caboolture,69426,Major Cities,Quintile 1,68449,98593,101884,1
Qld,30906,Nerang,69402,Major Cities,Quintile 3,49163,70838,68019,5
NSW,12502,Carlingford,68864,Major Cities,Quintile 4,23463,34072,31532,10
Qld,30903,Gold Coast - North,68379,Major Cities,Quintile 2,61448,89863,69981,4
Vic,20903,Nillumbik - Kinglake,68270,Major Cities,Quintile 5,32999,48337,50830,7
Vic,20606,Stonnington - West,67798,Major Cities,Quintile 5,25206,37178,34371,10
SA,40702,Limestone Coast,66683,Outer Regional,Quintile 1,52971,79436,67280,5
SA,40303,Mitcham,65069,Major Cities,Quintile 5,37802,58095,45593,8
Vic,21603,Shepparton,64888,Inner Regional,Quintile 1,59342,91453,84723,2
Qld,31304,Narangba - Burpengary,64693,Major Cities,Quintile 4,56247,86945,88499,1
Qld,30901,Broadbeach - Burleigh,64491,Major Cities,Quintile 4,47347,73416,61740,6
NSW,12301,Camden,64212,Major Cities,Quintile 4,32253,50230,55252,7
Qld,31002,Ipswich Hinterland,64124,Inner Regional,Quintile 2,66318,103422,93579,1
Vic,21104,Whitehorse - East,63597,Major Cities,Quintile 4,32821,51608,42242,8
NSW,12202,Pittwater,63504,Major Cities,Quintile 5,27517,43331,34409,10
Qld,30805,Gladstone,63288,Inner Regional,Quintile 2,39120,61813,68265,5
SA,40403,West Torrens,62758,Major Cities,Quintile 2,38381,61157,50465,7
NSW,10901,Albury,62504,Inner Regional,Quintile 1,55443,88703,79624,2
Vic,20503,Gippsland - South West,62409,Inner Regional,Quintile 2,64462,103290,80837,2
Qld,30305,Rocklea - Acacia Ridge,62075,Major Cities,Quintile 4,27196,43811,49811,7
Qld,31105,Loganlea - Carbrook,62016,Major Cities,Quintile 1,46379,74785,75319,3
Vic,21001,Keilor,61472,Major Cities,Quintile 3,31912,51912,40864,9
Qld,31305,Redcliffe,61229,Major Cities,Quintile 2,64264,104956,84325,2
Qld,30909,Southport,61128,Major Cities,Quintile 3,53069,86816,77673,3
WA,50901,Albany,60319,Outer Regional,Quintile 3,49700,82395,69119,4
Qld,30204,Sandgate,60085,Major Cities,Quintile 3,39277,65369,59445,6
NSW,12002,Leichhardt,59540,Major Cities,Quintile 5,19661,33022,32950,10
NSW,10102,Queanbeyan,59472,Major Cities,Quintile 5,34646,58256,58599,6
Qld,30504,Brisbane Inner - West,59386,Major Cities,Quintile 5,19251,32416,37277,9
WA,50605,Kalamunda,59349,Major Cities,Quintile 3,35253,59399,55132,7
Vic,21501,Grampians,59330,Outer Regional,Quintile 1,72272,121814,96765,1
SA,40402,Port Adelaide - West,59256,Major Cities,Quintile 1,49099,82859,69788,4
NSW,10304,Orange,58991,Inner Regional,Quintile 1,40837,69226,62819,5
SA,40601,Eyre Peninsula and South West,58473,Remote,Quintile 1,51087,87369,77968,3
Qld,31603,Maroochy,58359,Major Cities,Quintile 2,49117,84164,69534,4
NSW,11702,Marrickville - Sydenham - Petersham,57574,Major Cities,Quintile 3,19855,34486,35434,9
Qld,31904,Hervey Bay,57490,Inner Regional,Quintile 1,67781,117901,92258,1
NT,70102,Darwin Suburbs,57306,Outer Regional,Quintile 3,23417,40862,44319,8
WA,50902,Wheat Belt - North,56584,Inner Regional,Quintile 2,47382,83738,70875,4
NSW,10302,Lachlan Valley,56416,Outer Regional,Quintile 1,53736,95249,78330,3
Qld,31601,Buderim,56284,Major Cities,Quintile 4,36979,65701,56707,7
NSW,12405,St Marys,55427,Major Cities,Quintile 3,34542,62319,67969,5
Vic,20602,Darebin - South,55271,Major Cities,Quintile 4,22908,41447,39634,9
Qld,30902,Coolangatta,55141,Major Cities,Quintile 3,43547,78973,64090,5
WA,51104,Mid West,55127,Outer Regional,Quintile 1,41658,75566,69504,4
NSW,10805,Taree - Gloucester,54761,Inner Regional,Quintile 1,56314,102836,79842,2
Vic,21502,Mildura,54564,Outer Regional,Quintile 1,55991,102616,90822,1
Qld,30601,Cairns - North,54554,Outer Regional,Quintile 3,40604,74429,76287,3
Vic,20401,Upper Goulburn Valley,54270,Inner Regional,Quintile 3,55861,102931,86848,1
ACT,80105,North Canberra,54105,Major Cities,Quintile 5,21425,39598,42989,8
Qld,30403,Sherwood - Indooroopilly,53907,Major Cities,Quintile 5,15798,29306,32218,10
Tas,60103,Hobart - North West,53290,Inner Regional,Quintile 1,61379,115179,101559,1
Tas,60102,Hobart - North East,52867,Inner Regional,Quintile 4,48271,91307,76027,3
Qld,30306,Sunnybank,52380,Major Cities,Quintile 3,19002,36278,37806,9
Qld,30301,Carindale,52345,Major Cities,Quintile 5,23344,44597,41821,9
WA,50101,Augusta - Margaret River - Busselton,52283,Inner Regional,Quintile 4,36093,69034,61119,6
Qld,30404,The Gap - Enoggera,52042,Major Cities,Quintile 5,24724,47508,45675,8
Tas,60105,Hobart Inner,51872,Inner Regional,Quintile 4,31171,60091,50706,7
SA,40701,Fleurieu - Kangaroo Island,51719,Inner Regional,Quintile 2,53233,102926,74511,3
SA,40104,Campbelltown (SA),51633,Major Cities,Quintile 3,28748,55678,42895,8
Qld,30908,Robina,51508,Major Cities,Quintile 3,30837,59868,54078,7
NSW,10401,Clarence Valley,50961,Inner Regional,Quintile 1,51974,101987,77040,3
Qld,31606,Sunshine Coast Hinterland,50898,Inner Regional,Quintile 3,40572,79713,71628,4
Vic,21704,Warrnambool,50888,Inner Regional,Quintile 3,42575,83664,72790,4
Qld,31903,Gympie - Cooloola,50216,Inner Regional,Quintile 1,55631,110784,91473,1
Qld,31902,Burnett,49852,Inner Regional,Quintile 1,51272,102849,85655,2
NSW,11301,Griffith - Murrumbidgee (West),49464,Outer Regional,Quintile 1,45091,91159,82314,2
NSW,12601,Pennant Hills - Epping,49288,Major Cities,Quintile 5,13165,26711,22958,10
NSW,11701,Botany,49169,Major Cities,Quintile 2,19642,39947,39736,9
Vic,20501,Baw Baw,49157,Inner Regional,Quintile 3,46036,93651,80424,2
NSW,11402,Southern Highlands,49059,Inner Regional,Quintile 4,39825,81179,63667,5
NSW,10802,Kempsey - Nambucca,49005,Outer Regional,Quintile 1,58879,120150,93938,1
Tas,60401,Burnie - Ulverstone,48581,Outer Regional,Quintile 1,45858,94396,77429,3
Vic,20202,Heathcote - Castlemaine - Kyneton,47826,Inner Regional,Quintile 3,43456,90862,75337,3
NSW,10301,Bathurst,47783,Inner Regional,Quintile 1,35894,75120,69433,4
NSW,10303,Lithgow - Mudgee,47572,Inner Regional,Quintile 1,40764,85689,71662,4
Qld,30402,Kenmore - Brookfield - Moggill,47388,Major Cities,Quintile 5,19040,40180,38158,9
Qld,31104,Jimboomba,46930,Major Cities,Quintile 3,30285,64533,80870,2
Vic,20402,Wangaratta - Benalla,46456,Inner Regional,Quintile 3,47720,102720,82734,2
Vic,20502,Gippsland - East,45537,Outer Regional,Quintile 2,48677,106895,82019,2
Qld,31905,Maryborough,45530,Inner Regional,Quintile 1,55525,121953,98369,1
SA,40103,Burnside,45464,Major Cities,Quintile 5,24303,53456,37749,9
Tas,60402,Devonport,45272,Inner Regional,Quintile 1,42327,93496,76430,3
NSW,12201,Manly,44994,Major Cities,Quintile 5,12910,28692,25843,10
Qld,30701,Darling Downs (West) - Maranoa,44959,Outer Regional,Quintile 1,33050,73511,69966,4
WA,50607,South Perth,44154,Major Cities,Quintile 5,19563,44306,38879,9
Vic,20804,Stonnington - East,43808,Major Cities,Quintile 5,16480,37618,32944,10
Qld,31607,Nambour,43662,Major Cities,Quintile 3,37499,85884,75543,3
Vic,20505,Wellington,43354,Inner Regional,Quintile 2,40729,93946,78812,2
WA,50402,Mundaring,43138,Major Cities,Quintile 4,27184,63017,57615,6
Qld,30702,Darling Downs - East,42999,Inner Regional,Quintile 2,40350,93840,82635,2
Qld,31801,Charters Towers - Ayr - Ingham,42924,Outer Regional,Quintile 2,34550,80492,68403,5
Qld,30910,Surfers Paradise,42883,Major Cities,Quintile 4,28952,67513,58214,6
Qld,30502,Brisbane Inner - East,42844,Major Cities,Quintile 5,17045,39784,45782,8
Qld,31605,Noosa,42626,Major Cities,Quintile 4,33539,78682,62634,6
NSW,10903,Upper Murray exc. Albury,42542,Inner Regional,Quintile 2,47756,112257,87130,1
Qld,30201,Bald Hills - Everton Park,42300,Major Cities,Quintile 5,23553,55682,50353,7
NSW,12303,Wollondilly,42215,Inner Regional,Quintile 3,27887,66059,66139,5
Qld,31102,Beenleigh,42205,Major Cities,Quintile 1,39819,94348,93624,1
Qld,30605,Tablelands (East) - Kuranda,41330,Outer Regional,Quintile 1,32737,79209,65142,5
Vic,21004,Sunbury,40978,Major Cities,Quintile 4,32065,78248,77335,3
Qld,30703,Granite Belt,40664,Inner Regional,Quintile 1,35544,87410,72188,4
Qld,30304,Nathan,40630,Major Cities,Quintile 5,21047,51801,51566,7
WA,51103,Goldfields,40317,Outer Regional,Quintile 1,22566,55971,68661,5
WA,50703,Kwinana,40305,Major Cities,Quintile 1,26965,66902,80871,2
Qld,30203,Nundah,40247,Major Cities,Quintile 3,21601,53670,52267,7
NT,70201,Alice Springs,39718,Remote,Quintile 1,9595,24158,29641,10
SA,40107,Unley,38916,Major Cities,Quintile 4,19974,51327,39124,9
NSW,11002,Inverell - Tenterfield,38858,Outer Regional,Quintile 1,35949,92513,74365,3
WA,50702,Fremantle,38691,Major Cities,Quintile 4,23754,61394,50769,7
Qld,31403,Strathpine,38496,Major Cities,Quintile 3,25972,67466,68920,4
NSW,11001,Armidale,38098,Inner Regional,Quintile 1,25097,65875,58867,6
Vic,21503,Murray River - Swan Hill,37697,Outer Regional,Quintile 1,37987,100770,79517,2
Tas,60203,North East,37679,Outer Regional,Quintile 1,35556,94364,76364,3
Vic,21601,Campaspe,37582,Inner Regional,Quintile 2,40522,107824,89265,1
Vic,21703,Colac - Corangamite,37504,Inner Regional,Quintile 2,32563,86826,73583,4
NSW,12404,Richmond - Windsor,37469,Major Cities,Quintile 3,23960,63945,61562,6
NSW,10106,Young - Yass,36821,Inner Regional,Quintile 4,33174,90095,78686,3
SA,40501,Barossa,36493,Inner Regional,Quintile 2,27101,74263,64203,5
SA,40105,Norwood - Payneham - St Peters,36443,Major Cities,Quintile 3,21977,60304,45372,8
WA,51001,Kimberley,36392,Remote,Quintile 1,9251,25421,32779,10
NSW,10105,Goulburn - Mulwaree,36182,Inner Regional,Quintile 2,31924,88232,75178,3
Vic,21701,Glenelg - Southern Grampians,35855,Outer Regional,Quintile 1,34542,96338,77879,3
NT,70104,Palmerston,35667,Outer Regional,Quintile 3,12376,34699,50226,7
Qld,30603,Innisfail - Cassowary Coast,35601,Outer Regional,Quintile 1,31811,89354,78464,3
WA,51003,West Pilbara,35434,Remote,Quintile 2,8546,24117,"              37,430*",9
ACT,80109,Woden Valley,35377,Major Cities,Quintile 5,17595,49735,41012,9
SA,40201,Gawler - Two Wells,34893,Major Cities,Quintile 2,33180,95091,84309,2
SA,40301,Holdfast Bay,34689,Major Cities,Quintile 4,24144,69602,48191,8
Qld,30905,Mudgeeraba - Tallebudgera,34504,Major Cities,Quintile 4,21463,62206,66132,5
Qld,31201,Bowen Basin - North,34349,Outer Regional,Quintile 2,20437,59499,68765,4
NSW,11504,Rouse Hill - McGraths Hill,34081,Major Cities,Quintile 5,12453,36540,44100,8
Qld,30401,Centenary,33800,Major Cities,Quintile 5,15338,45380,43929,8
Qld,31501,Far North,33772,Remote,Quintile 1,11249,33309,42303,8
Qld,31301,Bribie - Beachmere,33613,Inner Regional,Quintile 1,47729,141997,109426,1
Tas,60104,Hobart - South and West,33203,Inner Regional,Quintile 3,25025,75371,66078,5
NSW,10801,Great Lakes,31895,Inner Regional,Quintile 1,37279,116881,78932,2
NSW,10604,Upper Hunter,30877,Inner Regional,Quintile 1,22726,73602,69983,4
Vic,21002,Macedon Ranges,30739,Inner Regional,Quintile 4,19001,61815,59966,6
Qld,31502,Outback - North,30688,Remote,Quintile 2,12541,40865,51908,7
Qld,30801,Central Highlands (Qld),29775,Outer Regional,Quintile 3,13262,44541,57030,6
Vic,21602,Moira,29306,Inner Regional,Quintile 1,32743,111727,88331,1
SA,40106,Prospect - Walkerville,28933,Major Cities,Quintile 4,14670,50705,42366,8
Vic,20102,Creswick - Daylesford - Ballan,28746,Inner Regional,Quintile 3,26131,90903,77262,3
NT,70101,Darwin City,28020,Outer Regional,Quintile 3,9675,34530,37326,9
SA,40503,Mid North,27890,Outer Regional,Quintile 1,31629,113406,92340,1
WA,50606,Serpentine - Jarrahdale,27696,Major Cities,Quintile 3,12098,43681,53379,7
ACT,80106,South Canberra,27663,Major Cities,Quintile 5,12702,45915,37820,9
Vic,21102,Manningham - East,27426,Major Cities,Quintile 5,12763,46536,40249,9
SA,40602,Outback - North and East,27369,Outer Regional,Quintile 1,19278,70436,70171,4
NSW,11502,Dural - Wisemans Ferry,27076,Major Cities,Quintile 5,13748,50774,42705,8
NSW,11003,Moree - Narrabri,26452,Outer Regional,Quintile 1,22180,83851,79207,2
WA,51002,East Pilbara,26001,Remote,Quintile 2,7011,26966,"              36,813*",9
SA,40504,Yorke Peninsula,25729,Outer Regional,Quintile 1,34905,135665,101970,1
Vic,20103,Maryborough - Pyrenees,25475,Inner Regional,Quintile 1,31164,122331,101852,1
NSW,11503,Hawkesbury,25165,Inner Regional,Quintile 4,15107,60031,62382,6
NSW,10501,Bourke - Cobar - Coonamble,25059,Remote,Quintile 1,27464,109598,102453,1
NT,70103,Litchfield,24923,Outer Regional,Quintile 3,9991,40088,47339,8
SA,40101,Adelaide City,23396,Major Cities,Quintile 4,8881,37959,41615,9
ACT,80108,Weston Creek,23172,Major Cities,Quintile 5,14693,63408,53718,7
SA,40502,Lower North,23051,Inner Regional,Quintile 2,22549,97822,76729,3
WA,50103,Manjimup,23021,Outer Regional,Quintile 3,19649,85351,69590,4
Tas,60202,Meander Valley - West Tamar,22818,Outer Regional,Quintile 2,21893,95948,78042,3
Qld,31608,Noosa Hinterland,22667,Inner Regional,Quintile 3,20193,89087,83669,2
Qld,31203,Whitsunday,21840,Outer Regional,Quintile 2,15974,73142,74854,3
NT,70205,Katherine,20847,Remote,Quintile 1,3469,16640,24188,10
NSW,10502,Broken Hill and Far West,20598,Outer Regional,Quintile 1,21950,106561,88913,1
WA,50903,Wheat Belt - South,20545,Outer Regional,Quintile 1,17011,82798,70786,4
NSW,10103,Snowy Mountains,19740,Outer Regional,Quintile 3,15546,78752,66066,5
Tas,60302,Huon - Bruny Island,19708,Outer Regional,Quintile 3,19619,99548,85640,2
Vic,20301,Barwon - West,19282,Inner Regional,Quintile 4,12498,64815,63979,5
Qld,30904,Gold Coast Hinterland,19023,Inner Regional,Quintile 3,14267,74997,68729,4
NT,70203,Daly - Tiwi - West Arnhem,18216,Remote,Quintile 1,1828,10036,13172,10
Qld,31503,Outback - South,17992,Remote,Quintile 2,12022,66816,59334,6
Tas,60403,West Coast,17713,Outer Regional,Quintile 2,14584,82337,74595,3
Tas,60101,Brighton,17169,Inner Regional,Quintile 1,17727,103253,110248,1
WA,51101,Esperance,16289,Remote,Quintile 2,10095,61977,57217,6
Tas,60106,Sorell - Dodges Ferry,16061,Inner Regional,Quintile 2,18511,115253,98209,1
NT,70204,East Arnhem,14802,Remote,Quintile 1,1321,8923,13907,10
NSW,11302,Tumut - Tumbarumba,14686,Inner Regional,Quintile 1,14823,100934,83629,2
Qld,30804,Biloela,14607,Outer Regional,Quintile 2,9768,66874,65557,5
Qld,31101,Beaudesert,14242,Inner Regional,Quintile 1,10628,74622,67809,5
Qld,31303,Caboolture Hinterland,13668,Inner Regional,Quintile 1,10378,75926,68008,5
NSW,10902,Lower Murray,12737,Outer Regional,Quintile 1,12530,98371,84587,2
Qld,30604,Port Douglas - Daintree,11882,Outer Regional,Quintile 2,9040,76083,64744,5
Vic,20203,Loddon - Elmore,11472,Inner Regional,Quintile 1,13115,114324,93134,1
Tas,60301,Central Highlands (Tas.),11424,Outer Regional,Quintile 1,14414,126172,116303,1
WA,51102,Gascoyne,9757,Remote,Quintile 2,5812,59566,58624,6
Tas,60303,South East Coast,6891,Outer Regional,Quintile 1,9527,138248,99894,1
NT,70202,Barkly,6241,Remote,Quintile 1,1144,18332,46192,8
Other Territories,90101,Christmas Island,1903,Remote,Quintile 2,327,17183,17032,10
Other Territories,90104,Norfolk Island,1756,Remote,Quintile 2,782,44533,31133,10
ACT,80103,Canberra East,1569,Major Cities,Quintile 1,1338,85269,95679,1